{"providers":["Illuminate\\Foundation\\Providers\\ArtisanServiceProvider","Illuminate\\Auth\\AuthServiceProvider","Illuminate\\Cache\\CacheServiceProvider","Illuminate\\Session\\CommandsServiceProvider","Illuminate\\Foundation\\Providers\\ConsoleSupportServiceProvider","Illuminate\\Routing\\ControllerServiceProvider","Illuminate\\Cookie\\CookieServiceProvider","Illuminate\\Database\\DatabaseServiceProvider","Illuminate\\Encryption\\EncryptionServiceProvider","Illuminate\\Filesystem\\FilesystemServiceProvider","Illuminate\\Hashing\\HashServiceProvider","Illuminate\\Html\\HtmlServiceProvider","Illuminate\\Log\\LogServiceProvider","Illuminate\\Mail\\MailServiceProvider","Illuminate\\Database\\MigrationServiceProvider","Illuminate\\Pagination\\PaginationServiceProvider","Illuminate\\Queue\\QueueServiceProvider","Illuminate\\Redis\\RedisServiceProvider","Illuminate\\Remote\\RemoteServiceProvider","Illuminate\\Auth\\Reminders\\ReminderServiceProvider","Illuminate\\Database\\SeedServiceProvider","Illuminate\\Session\\SessionServiceProvider","Illuminate\\Translation\\TranslationServiceProvider","Illuminate\\Validation\\ValidationServiceProvider","Illuminate\\View\\ViewServiceProvider","Illuminate\\Workbench\\WorkbenchServiceProvider"],"eager":["Illuminate\\Cookie\\CookieServiceProvider","Illuminate\\Database\\DatabaseServiceProvider","Illuminate\\Encryption\\EncryptionServiceProvider","Illuminate\\Filesystem\\FilesystemServiceProvider","Illuminate\\Session\\SessionServiceProvider","Illuminate\\View\\ViewServiceProvider","Illuminate\\Workbench\\WorkbenchServiceProvider"],"deferred":{"artisan":"Illuminate\\Foundation\\Providers\\ArtisanServiceProvider","command.changes":"Illuminate\\Foundation\\Providers\\ArtisanServiceProvider","command.environment":"Illuminate\\Foundation\\Providers\\ArtisanServiceProvider","auth":"Illuminate\\Auth\\AuthServiceProvider","cache":"Illuminate\\Cache\\CacheServiceProvider","memcached.connector":"Illuminate\\Cache\\CacheServiceProvider","command.cache.clear":"Illuminate\\Cache\\CacheServiceProvider","command.session.database":"Illuminate\\Session\\CommandsServiceProvider","command.controller.make":"Illuminate\\Routing\\ControllerServiceProvider","hash":"Illuminate\\Hashing\\HashServiceProvider","html":"Illuminate\\Html\\HtmlServiceProvider","form":"Illuminate\\Html\\HtmlServiceProvider","log":"Illuminate\\Log\\LogServiceProvider","mailer":"Illuminate\\Mail\\MailServiceProvider","swift.mailer":"Illuminate\\Mail\\MailServiceProvider","swift.transport":"Illuminate\\Mail\\MailServiceProvider","migrator":"Illuminate\\Database\\MigrationServiceProvider","migration.repository":"Illuminate\\Database\\MigrationServiceProvider","command.migrate":"Illuminate\\Database\\MigrationServiceProvider","command.migrate.rollback":"Illuminate\\Database\\MigrationServiceProvider","command.migrate.reset":"Illuminate\\Database\\MigrationServiceProvider","command.migrate.refresh":"Illuminate\\Database\\MigrationServiceProvider","command.migrate.install":"Illuminate\\Database\\MigrationServiceProvider","migration.creator":"Illuminate\\Database\\MigrationServiceProvider","command.migrate.make":"Illuminate\\Database\\MigrationServiceProvider","paginator":"Illuminate\\Pagination\\PaginationServiceProvider","queue":"Illuminate\\Queue\\QueueServiceProvider","queue.worker":"Illuminate\\Queue\\QueueServiceProvider","queue.listener":"Illuminate\\Queue\\QueueServiceProvider","queue.failer":"Illuminate\\Queue\\QueueServiceProvider","command.queue.work":"Illuminate\\Queue\\QueueServiceProvider","command.queue.listen":"Illuminate\\Queue\\QueueServiceProvider","command.queue.subscribe":"Illuminate\\Queue\\QueueServiceProvider","redis":"Illuminate\\Redis\\RedisServiceProvider","remote":"Illuminate\\Remote\\RemoteServiceProvider","auth.reminder":"Illuminate\\Auth\\Reminders\\ReminderServiceProvider","auth.reminder.repository":"Illuminate\\Auth\\Reminders\\ReminderServiceProvider","command.auth.reminders":"Illuminate\\Auth\\Reminders\\ReminderServiceProvider","seeder":"Illuminate\\Database\\SeedServiceProvider","command.seed":"Illuminate\\Database\\SeedServiceProvider","translator":"Illuminate\\Translation\\TranslationServiceProvider","translation.loader":"Illuminate\\Translation\\TranslationServiceProvider","validator":"Illuminate\\Validation\\ValidationServiceProvider","validation.presence":"Illuminate\\Validation\\ValidationServiceProvider"}}