<?xml version="1.0" encoding="UTF-8"?>
<project-private xmlns="http://www.netbeans.org/ns/project-private/1">
    <editor-bookmarks xmlns="http://www.netbeans.org/ns/editor-bookmarks/2" lastBookmarkId="0"/>
    <open-files xmlns="http://www.netbeans.org/ns/projectui-open-files/2">
        <group>
            <file>file:/home/kelvin/website/ibg/app/views/index.blade.php</file>
            <file>file:/home/kelvin/website/ibg/app/views/admin/addpost.blade.php</file>
            <file>file:/home/kelvin/website/ibg/app/views/layout/admin.blade.php</file>
            <file>file:/home/kelvin/website/ibg/app/filters.php</file>
            <file>file:/home/kelvin/website/ibg/app/views/menus.blade.php</file>
            <file>file:/home/kelvin/website/ibg/app/routes.php</file>
            <file>file:/home/kelvin/website/ibg/app/views/layout/master.blade.php</file>
        </group>
    </open-files>
</project-private>
