<?xml version="1.0" encoding="UTF-8"?>
<project-private xmlns="http://www.netbeans.org/ns/project-private/1">
    <editor-bookmarks xmlns="http://www.netbeans.org/ns/editor-bookmarks/2" lastBookmarkId="0"/>
    <open-files xmlns="http://www.netbeans.org/ns/projectui-open-files/2">
        <group>
            <file>file:/var/www/UDIHIS-master/app/controllers/DoctorController.php</file>
            <file>file:/var/www/UDIHIS-master/app/controllers/Doctor.php</file>
            <file>file:/var/www/UDIHIS-master/app/controllers/Admin.php</file>
            <file>file:/var/www/UDIHIS-master/app/models/Laboratory.php</file>
            <file>file:/var/www/UDIHIS-master/app/controllers/BaseController.php</file>
            <file>file:/var/www/UDIHIS-master/app/models/Appointment.php</file>
            <file>file:/var/www/UDIHIS-master/app/controllers/PharmacyController.php</file>
            <file>file:/var/www/UDIHIS-master/app/views/sideMenu.blade.php</file>
            <file>file:/var/www/UDIHIS-master/app/config/database.php</file>
            <file>file:/var/www/UDIHIS-master/app/models/Recommended_medicine.php</file>
            <file>file:/var/www/UDIHIS-master/app/routes.php</file>
        </group>
    </open-files>
</project-private>
