<?xml version="1.0" encoding="UTF-8"?>
<project-private xmlns="http://www.netbeans.org/ns/project-private/1">
    <editor-bookmarks xmlns="http://www.netbeans.org/ns/editor-bookmarks/2" lastBookmarkId="0"/>
    <open-files xmlns="http://www.netbeans.org/ns/projectui-open-files/2">
        <group>
            <file>file:/C:/wamp/www/udchat/app/views/component/anonymousConversationBox.blade.php</file>
            <file>file:/C:/wamp/www/udchat/app/database/migrations/2014_04_11_141940_create_friendship_table.php</file>
            <file>file:/C:/wamp/www/udchat/app/myClasses/Date.php</file>
            <file>file:/C:/wamp/www/udchat/app/controllers/AnonymousUserController.php</file>
            <file>file:/C:/wamp/www/udchat/app/controllers/AccountController.php</file>
            <file>file:/C:/wamp/www/udchat/app/start/global.php</file>
            <file>file:/C:/wamp/www/udchat/app/views/user/regular.blade.php</file>
            <file>file:/C:/wamp/www/udchat/app/views/user/anonymous.blade.php</file>
            <file>file:/C:/wamp/www/udchat/app/routes.php</file>
            <file>file:/C:/wamp/www/udchat/app/views/component/anonymousChatBox.blade.php</file>
        </group>
    </open-files>
</project-private>
